image_path,x,y
example_dataset/train/images/image_0.png,0.9633736512703545,-0.2681626522057565
example_dataset/train/images/image_1.png,0.39134577679470234,0.9202437084734407
example_dataset/train/images/image_2.png,-0.707131571183571,-0.7070819903203971
example_dataset/train/images/image_3.png,0.8994211827537416,0.43708298527151607
example_dataset/train/images/image_4.png,-0.65433790954809,0.7562022878358908
example_dataset/train/images/image_5.png,-0.7053450555749521,-0.708864128430807
example_dataset/train/images/image_6.png,0.12546530405165712,-0.9920980080008351
example_dataset/train/images/image_7.png,-0.9507600003267977,-0.30992809130278515
example_dataset/train/images/image_8.png,-0.9550853739789275,0.2963307753365018
example_dataset/train/images/image_9.png,-0.5408058660237959,-0.841147439676453
example_dataset/train/images/image_10.png,0.9883420987709977,-0.15224945253412037
example_dataset/train/images/image_11.png,0.04734344214382229,-0.9988786705531231
example_dataset/train/images/image_12.png,-0.9798660518734134,0.19965600513385343
example_dataset/train/images/image_13.png,-0.950638746005034,0.31029981404115636
example_dataset/train/images/image_14.png,-0.8995346674083313,-0.4368493815156234
example_dataset/train/images/image_15.png,-0.3089542708610234,0.9510768941135799
example_dataset/train/images/image_16.png,-0.01275974897687143,-0.9999185910893182
example_dataset/train/images/image_17.png,0.5587611745592928,-0.8293286138830129
example_dataset/train/images/image_18.png,0.1059807518624748,-0.9943681814271134
example_dataset/train/images/image_19.png,-0.9891934264393953,0.14661638751888748
example_dataset/train/images/image_20.png,0.9741150553400106,0.22605277914665833
example_dataset/train/images/image_21.png,-0.3585446706249839,-0.9335125704383533
example_dataset/train/images/image_22.png,-0.8991003077509842,-0.4377426602492449
example_dataset/train/images/image_23.png,-0.3994702053249462,0.9167461780981938
example_dataset/train/images/image_24.png,0.1913014386603694,-0.9815313339707872
example_dataset/train/images/image_25.png,0.6439080490547567,-0.7651028848217061
example_dataset/train/images/image_26.png,-0.7419593062258194,0.670444917875362
example_dataset/train/images/image_27.png,0.7420830425031841,0.6703079576054707
example_dataset/train/images/image_28.png,-0.9383333334306218,-0.34573191257530406
example_dataset/train/images/image_29.png,0.32153562223015647,0.9468974831717877
example_dataset/train/images/image_30.png,-0.932455258988914,-0.3612854688247469
example_dataset/train/images/image_31.png,-0.6789903338033614,-0.734147210443246
example_dataset/train/images/image_32.png,0.5139290858276561,0.8578326729265735
example_dataset/train/images/image_33.png,-0.07157258534816284,0.9974353939110944
example_dataset/train/images/image_34.png,0.48898311063058975,-0.8722932520190859
example_dataset/train/images/image_35.png,0.22874224209576965,0.9734870244029965
example_dataset/train/images/image_36.png,-0.02289125140820749,0.999737960972257
example_dataset/train/images/image_37.png,-0.954144231542847,0.2993472655854898
example_dataset/train/images/image_38.png,0.2795163809422465,-0.9601409233987211
example_dataset/train/images/image_39.png,0.04611822079112714,-0.9989359887956089
example_dataset/train/images/image_40.png,-0.5239422475340282,0.8517537914497306
example_dataset/train/images/image_41.png,0.9436576369935886,-0.33092335085889046
example_dataset/train/images/image_42.png,-0.8496715127578149,-0.5273123556373834
example_dataset/train/images/image_43.png,0.9411471828403111,0.33799701216393324
example_dataset/train/images/image_44.png,-0.7181980561181179,0.6958387400742768
example_dataset/train/images/image_45.png,0.09972040022764307,0.9950154982604235
example_dataset/train/images/image_46.png,-0.9061646552700314,-0.42292507319777706
example_dataset/train/images/image_47.png,-0.2587947239404698,-0.9659323427966245
example_dataset/train/images/image_48.png,0.7501234716923171,0.6612977976798845
example_dataset/train/images/image_49.png,0.021792509248138258,-0.9997625150707891
example_dataset/train/images/image_50.png,-0.9585623575847853,-0.2848827945339945
example_dataset/train/images/image_51.png,-0.39283579419808984,-0.9196086334940293
example_dataset/train/images/image_52.png,-0.37072749975412056,0.9287416868678064
example_dataset/train/images/image_53.png,0.9957440189619525,0.09216207843521568
example_dataset/train/images/image_54.png,0.9606719330810463,-0.2776858602635824
example_dataset/train/images/image_55.png,-0.9999045429848205,-0.0138168345983207
example_dataset/train/images/image_56.png,0.024444293342000677,0.9997011936188783
example_dataset/train/images/image_57.png,-0.5378048782267117,0.8430693405382215
example_dataset/train/images/image_58.png,-0.029688646031253513,-0.9995591949938889
example_dataset/train/images/image_59.png,0.8353916002353259,0.549655232174007
example_dataset/train/images/image_60.png,0.6563016581977141,-0.7544985973790349
example_dataset/train/images/image_61.png,0.70734455276712,-0.7068689296260536
example_dataset/train/images/image_62.png,0.25878871313419644,0.9659339532050557
example_dataset/train/images/image_63.png,-0.86813855460384,-0.4963219217507477
example_dataset/train/images/image_64.png,0.19416029450827416,-0.9809698160679868
example_dataset/train/images/image_65.png,-0.9990239366444792,0.04417209539253812
example_dataset/train/images/image_66.png,-0.9133458883907012,0.40718458733085755
example_dataset/train/images/image_67.png,-0.5101902649273927,0.8600615638274488
example_dataset/train/images/image_68.png,-0.924866950958059,-0.3802908400494853
example_dataset/train/images/image_69.png,0.5513835062476719,-0.8342518978330368
example_dataset/train/images/image_70.png,0.1714368345506382,0.9851951135482032
example_dataset/train/images/image_71.png,-0.9934682664603561,0.11410873558257835
example_dataset/train/images/image_72.png,0.3154358622229325,0.9489468988429622
example_dataset/train/images/image_73.png,-0.6836535777422927,-0.7298066768947534
example_dataset/train/images/image_74.png,0.8691510051816722,0.49454679272207297
example_dataset/train/images/image_75.png,0.5859212901020736,0.8103679669169567
example_dataset/train/images/image_76.png,-0.9463285189112642,0.3232063339342422
example_dataset/train/images/image_77.png,0.3795621482118075,-0.9251662421666919
example_dataset/train/images/image_78.png,0.9692325754673079,0.2461467339881018
example_dataset/train/images/image_79.png,-0.8758006327626061,0.48267302768294273
example_dataset/train/images/image_80.png,-0.7780029345897255,0.6282606415889629
example_dataset/train/images/image_81.png,0.8160210095229836,-0.5780222418013781
example_dataset/train/images/image_82.png,0.9191776923117457,0.3938430778323441
example_dataset/train/images/image_83.png,0.3976548963505609,0.9175350584083558
example_dataset/train/images/image_84.png,-0.30956967226198673,-0.9508767627908498
example_dataset/train/images/image_85.png,-0.7369799339551374,-0.6759146225282312
example_dataset/train/images/image_86.png,-0.22044420381263657,0.9753995863262465
example_dataset/train/images/image_87.png,0.3172213005956942,0.948351541596457
example_dataset/train/images/image_88.png,0.008944662495860995,0.9999599957062457
example_dataset/train/images/image_89.png,-0.09683699699022709,0.995300254201673
example_dataset/train/images/image_90.png,0.5895760523888857,-0.8077128688151117
example_dataset/train/images/image_91.png,-0.9117395588244442,0.4107687632654261
example_dataset/train/images/image_92.png,-0.2986861016172806,0.9543514094402918
example_dataset/train/images/image_93.png,0.9883644382574142,-0.152104362817462
example_dataset/train/images/image_94.png,-0.4879361526068484,-0.8728793221168814
example_dataset/train/images/image_95.png,-0.46232035888075396,0.886712966954003
example_dataset/train/images/image_96.png,0.16937768458133948,-0.9855512163078407
example_dataset/train/images/image_97.png,0.4099475116502705,0.9121091150140708
example_dataset/train/images/image_98.png,-0.9852097283663447,0.17135282644973573
example_dataset/train/images/image_99.png,0.0508616710819859,-0.9987057076109798
example_dataset/train/images/image_100.png,0.5378643176189672,0.8430314204300352
example_dataset/train/images/image_101.png,0.7167185007579729,0.697362596266278
example_dataset/train/images/image_102.png,-0.8266446365770599,-0.562724306226753
example_dataset/train/images/image_103.png,0.7079649118262002,0.7062476078705827
example_dataset/train/images/image_104.png,0.13250499570495158,0.9911823374703722
example_dataset/train/images/image_105.png,0.4491685957220136,0.8934470172411537
example_dataset/train/images/image_106.png,0.8258502239339225,0.5638895349519177
example_dataset/train/images/image_107.png,-0.383611627814321,0.923494514875777
example_dataset/train/images/image_108.png,-0.956116998091129,-0.29298512924926434
example_dataset/train/images/image_109.png,-0.9860690889078557,0.16633626153196854
example_dataset/train/images/image_110.png,0.7783136120979529,-0.6278757211606748
example_dataset/train/images/image_111.png,0.39155425470045374,-0.9201550226054153
example_dataset/train/images/image_112.png,-0.39764522884758446,0.9175392481930963
example_dataset/train/images/image_113.png,0.05953727912063255,-0.998226082806351
example_dataset/train/images/image_114.png,-0.7249694596290759,0.6887810120823058
example_dataset/train/images/image_115.png,-0.9587789228502126,0.2841530874338446
example_dataset/train/images/image_116.png,0.06976790746126114,-0.9975632506705913
example_dataset/train/images/image_117.png,0.9589592258687708,0.283544005616708
example_dataset/train/images/image_118.png,-0.9957883404722967,0.091681955582488
example_dataset/train/images/image_119.png,-0.6132375749780413,0.7898985229983982
example_dataset/train/images/image_120.png,-0.9896821490080614,-0.1432802984879126
example_dataset/train/images/image_121.png,0.5038437910353524,0.8637947871080979
example_dataset/train/images/image_122.png,-0.9632929008991127,-0.26845257882421714
example_dataset/train/images/image_123.png,-0.5880071261594603,-0.8088557470808332
example_dataset/train/images/image_124.png,0.9746843999382767,0.22358515272030302
example_dataset/train/images/image_125.png,-0.8084750955345391,0.5885303899548585
example_dataset/train/images/image_126.png,0.8992242622464952,0.437487972620101
example_dataset/train/images/image_127.png,-0.9527810540716266,-0.303658135083123
example_dataset/train/images/image_128.png,0.8730345223672575,-0.4876584078583845
example_dataset/train/images/image_129.png,0.4971277358605829,0.8676773675958883
example_dataset/train/images/image_130.png,-0.997944398259008,-0.06408570810614707
example_dataset/train/images/image_131.png,-0.953512564804687,-0.3013532624007705
example_dataset/train/images/image_132.png,-0.19839014556625034,-0.98012313009244
example_dataset/train/images/image_133.png,0.7521697533776586,-0.6589693939052043
example_dataset/train/images/image_134.png,-0.9585860029429257,0.2848032214738892
example_dataset/train/images/image_135.png,0.7084354108345072,-0.7057756503845558
example_dataset/train/images/image_136.png,0.999961303275702,0.008797269528635404
example_dataset/train/images/image_137.png,-0.9047416050319422,0.42596082933084933
example_dataset/train/images/image_138.png,0.3147862435408267,-0.9491625892740692
example_dataset/train/images/image_139.png,0.17825520701871247,-0.983984289087339
example_dataset/train/images/image_140.png,0.16897716169287136,0.9856199667347557
example_dataset/train/images/image_141.png,0.7883281471264032,-0.6152550141593743
example_dataset/train/images/image_142.png,0.7377039222059705,-0.6751243760685341
example_dataset/train/images/image_143.png,-0.24981830021032167,0.9682927330513359
example_dataset/train/images/image_144.png,0.4113103859141745,-0.9114953463617534
example_dataset/train/images/image_145.png,-0.3889185894866814,-0.9212721263295065
example_dataset/train/images/image_146.png,-0.5699803162386179,0.8216583469426483
example_dataset/train/images/image_147.png,0.45801950640739936,-0.8889421419588129
example_dataset/train/images/image_148.png,0.9463115444450165,0.32325602987428925
example_dataset/train/images/image_149.png,0.790574805236012,0.6123654769221086
example_dataset/train/images/image_150.png,-0.8285661210735012,-0.5598912242652244
example_dataset/train/images/image_151.png,0.774491258322291,0.632584611559872
example_dataset/train/images/image_152.png,-0.175386276839626,0.9844996972555827
example_dataset/train/images/image_153.png,0.9074506968386431,-0.4201585805467515
example_dataset/train/images/image_154.png,0.9379919958335814,-0.3466569136078703
example_dataset/train/images/image_155.png,-0.19433531496720186,0.9809351585892915
example_dataset/train/images/image_156.png,0.7122250803979432,0.7019511627258291
example_dataset/train/images/image_157.png,0.9998705972464256,0.016086912757775202
example_dataset/train/images/image_158.png,0.910221545837628,-0.4141216457672295
example_dataset/train/images/image_159.png,0.9280055543624989,-0.3725663579449321
example_dataset/train/images/image_160.png,0.16085320767379677,0.9869783409888236
example_dataset/train/images/image_161.png,-0.3641910724663997,0.931324252199938
example_dataset/train/images/image_162.png,-0.6380086097792422,-0.7700292292163713
example_dataset/train/images/image_163.png,0.8255493526535732,0.5643299268453396
example_dataset/train/images/image_164.png,0.7047170629737356,0.7094884503314145
example_dataset/train/images/image_165.png,-0.01364789363014587,-0.9999068631624949
example_dataset/train/images/image_166.png,0.11124964609896558,-0.993792491540792
example_dataset/train/images/image_167.png,0.9888186085116404,-0.14912330287752854
example_dataset/train/images/image_168.png,-0.931867649003202,-0.36279840785379047
example_dataset/train/images/image_169.png,0.5909294044422374,-0.8067232728547892
example_dataset/train/images/image_170.png,-0.9587770347547178,0.28415945809870674
example_dataset/train/images/image_171.png,0.435088084197967,-0.9003878936263765
example_dataset/train/images/image_172.png,-0.8970543100064791,0.4419203151008106
example_dataset/train/images/image_173.png,-0.7170929231615095,-0.6969775746404481
example_dataset/train/images/image_174.png,-0.9585889580277948,-0.2847932751087829
example_dataset/train/images/image_175.png,0.20620497688714787,0.978508818308231
example_dataset/train/images/image_176.png,0.983052886465046,-0.18332218199863728
example_dataset/train/images/image_177.png,-0.018964818926696284,-0.9998201516488242
example_dataset/train/images/image_178.png,-0.06400355117752254,-0.9979496707934054
example_dataset/train/images/image_179.png,0.3634415516447006,-0.9316170020658127
example_dataset/train/images/image_180.png,0.32091402259728896,0.9471083307100759
example_dataset/train/images/image_181.png,-0.261333146156509,0.965248665743673
example_dataset/train/images/image_182.png,0.8645213573596062,-0.5025960830220465
example_dataset/train/images/image_183.png,0.9984249096042624,0.05610436597734958
example_dataset/train/images/image_184.png,0.1253613452780751,-0.9921111495745178
example_dataset/train/images/image_185.png,0.04915788344940258,0.9987910204315891
example_dataset/train/images/image_186.png,0.8342085158112006,0.5514491383147442
example_dataset/train/images/image_187.png,0.9419698012190558,-0.33569762226046906
example_dataset/train/images/image_188.png,0.9786185824219219,0.20568342212854185
example_dataset/train/images/image_189.png,0.9381304821371095,-0.3462819638462194
example_dataset/train/images/image_190.png,-0.8139207800111753,-0.5809758720170742
example_dataset/train/images/image_191.png,-0.9707011356979569,-0.24029004381100924
example_dataset/train/images/image_192.png,-0.980935091314524,0.19433565454585613
example_dataset/train/images/image_193.png,0.17920724452688588,0.9838113454870709
example_dataset/train/images/image_194.png,0.8548431269449763,-0.5188865273977877
example_dataset/train/images/image_195.png,-0.8771249811937257,0.4802621860670548
example_dataset/train/images/image_196.png,-0.584766371603993,0.8112017570500576
example_dataset/train/images/image_197.png,0.9291814364083161,-0.3696239416409313
example_dataset/train/images/image_198.png,-0.7845713397071586,0.6200385575995369
example_dataset/train/images/image_199.png,-0.0921401641207433,0.995746047019923
example_dataset/train/images/image_200.png,-0.9360461811639099,-0.3518771756287423
example_dataset/train/images/image_201.png,0.1109253643654815,0.9938287395423746
example_dataset/train/images/image_202.png,-0.585686736546123,0.8105375047670234
example_dataset/train/images/image_203.png,-0.9912242399152265,-0.1321911729446472
example_dataset/train/images/image_204.png,0.22769613574525496,0.9737322372021369
example_dataset/train/images/image_205.png,0.5346989225376586,-0.845042639301158
example_dataset/train/images/image_206.png,-0.7684064054835867,0.6399621832669441
example_dataset/train/images/image_207.png,0.405784944966617,-0.9139685872273946
example_dataset/train/images/image_208.png,0.9972309501140207,0.07436687525160192
example_dataset/train/images/image_209.png,0.9983650565882151,0.05715954674076919
example_dataset/train/images/image_210.png,0.7612634887419162,0.6484426734172316
example_dataset/train/images/image_211.png,-0.2482288344652982,0.9687014223897886
example_dataset/train/images/image_212.png,0.42650786632045623,0.9044838527949363
example_dataset/train/images/image_213.png,-0.8150017283804551,0.579458525467415
example_dataset/train/images/image_214.png,0.5156347086247659,-0.8568085242698352
example_dataset/train/images/image_215.png,-0.5018779938917295,-0.8649384251189292
example_dataset/train/images/image_216.png,-0.3514991581274793,0.9361881978724541
example_dataset/train/images/image_217.png,0.9987860312011577,0.049259150189989755
example_dataset/train/images/image_218.png,0.7629143632274399,-0.6464995548190811
example_dataset/train/images/image_219.png,-0.9994687100428463,-0.03259290789863338
example_dataset/train/images/image_220.png,0.9963961816577082,-0.08482127786080294
example_dataset/train/images/image_221.png,-0.9990722108149959,-0.04306643213962024
example_dataset/train/images/image_222.png,-0.8896197129157626,0.4567020542888725
example_dataset/train/images/image_223.png,0.36338410419268924,-0.9316394113712004
example_dataset/train/images/image_224.png,-0.4364859006198347,-0.8997110972751708
example_dataset/train/images/image_225.png,-0.06548194044340219,0.9978537545531242
example_dataset/train/images/image_226.png,-0.8903501195228722,0.45527647058200477
example_dataset/train/images/image_227.png,-0.5559158607354364,-0.8312385673095172
example_dataset/train/images/image_228.png,-0.10283861898812703,-0.9946980539061161
example_dataset/train/images/image_229.png,-0.41954700610485857,-0.9077336116220717
example_dataset/train/images/image_230.png,0.9998389674760378,0.01794544834911071
example_dataset/train/images/image_231.png,-0.9562847484790709,0.2924371382473851
example_dataset/train/images/image_232.png,-0.45315251804466994,-0.8914330010661345
example_dataset/train/images/image_233.png,0.62978417671964,0.7767701659780486
example_dataset/train/images/image_234.png,-0.6775740402448103,-0.7354545669083333
example_dataset/train/images/image_235.png,-0.11864392843583825,-0.9929368651859554
example_dataset/train/images/image_236.png,-0.7425133356414316,0.6698312820364801
example_dataset/train/images/image_237.png,0.9887334353879932,-0.14968698589342005
example_dataset/train/images/image_238.png,0.8799632064201223,0.4750418458902511
example_dataset/train/images/image_239.png,0.939795198836584,0.34173818083981405
example_dataset/train/images/image_240.png,-0.13268571316831393,-0.9911581617083198
example_dataset/train/images/image_241.png,-0.9920745452096236,0.12565069338097
example_dataset/train/images/image_242.png,-0.4695320733169129,-0.8829154161791043
example_dataset/train/images/image_243.png,-0.5131203465367116,-0.8583166723127571
example_dataset/train/images/image_244.png,0.8862847860254792,0.46314066768074963
example_dataset/train/images/image_245.png,-0.005387044971657783,0.9999854897679632
example_dataset/train/images/image_246.png,0.08946876290972837,-0.9959896286926901
example_dataset/train/images/image_247.png,0.9427303605959959,0.3335557932498604
example_dataset/train/images/image_248.png,-0.9835767932965088,-0.18049014291245052
example_dataset/train/images/image_249.png,-0.534984528431158,-0.8448618551806512
example_dataset/train/images/image_250.png,0.4364260268974786,0.8997401419557101
example_dataset/train/images/image_251.png,-0.9276642982162742,0.373415251181453
example_dataset/train/images/image_252.png,-0.8005055547103695,-0.5993253347538742
example_dataset/train/images/image_253.png,-0.5654914174372908,-0.8247541796224883
example_dataset/train/images/image_254.png,0.05829365078984678,-0.9982994792533909
example_dataset/train/images/image_255.png,0.98318193959492,-0.18262878648879846
example_dataset/train/images/image_256.png,-0.25460840057355233,-0.9670442401241929
example_dataset/train/images/image_257.png,-0.6068651663782845,0.7948047998324225
example_dataset/train/images/image_258.png,0.4560331984957703,-0.8899627643164165
example_dataset/train/images/image_259.png,0.13105831539139476,0.9913746607447508
example_dataset/train/images/image_260.png,-0.9508994479966415,0.30949998352129604
example_dataset/train/images/image_261.png,-0.7577654167881124,0.652527066963462
example_dataset/train/images/image_262.png,-0.3894907433152384,-0.921030379993919
example_dataset/train/images/image_263.png,-0.9995638464240012,0.029531625794321878
example_dataset/train/images/image_264.png,0.2760438011327714,-0.9611450566153742
example_dataset/train/images/image_265.png,0.358757020272834,-0.9334309832038774
example_dataset/train/images/image_266.png,-0.05448452689339886,-0.9985146149802727
example_dataset/train/images/image_267.png,-0.997366657174997,0.072524141880978
example_dataset/train/images/image_268.png,-0.9129630474181026,-0.40804224542202894
example_dataset/train/images/image_269.png,0.8675487831135353,-0.49735209753073734
example_dataset/train/images/image_270.png,0.5947092041395597,-0.8039408949118658
example_dataset/train/images/image_271.png,0.34495993979925016,0.9386174087101186
example_dataset/train/images/image_272.png,-0.951754670500267,-0.3068599797642702
example_dataset/train/images/image_273.png,0.9433116285457647,-0.33190837809602985
example_dataset/train/images/image_274.png,0.5235475553283876,-0.8519964538128483
example_dataset/train/images/image_275.png,0.48608227829359435,-0.8739130498676104
example_dataset/train/images/image_276.png,0.9770798385413106,0.21287317613096826
example_dataset/train/images/image_277.png,0.633926372927678,-0.7733934016441818
example_dataset/train/images/image_278.png,-0.7480713791412393,-0.663618272585772
example_dataset/train/images/image_279.png,0.6837373954425053,-0.729728150802406
example_dataset/train/images/image_280.png,0.1382821826564649,0.9903928705113765
example_dataset/train/images/image_281.png,0.9365581034845489,-0.35051236611198894
example_dataset/train/images/image_282.png,0.9468537599968034,-0.32166435484821065
example_dataset/train/images/image_283.png,-0.8963497071493616,-0.443347721876693
example_dataset/train/images/image_284.png,-0.9828016999218068,-0.18466406968007237
example_dataset/train/images/image_285.png,0.010985956678849856,0.9999396525570183
example_dataset/train/images/image_286.png,0.8307004264656701,-0.5567196794345911
example_dataset/train/images/image_287.png,0.3512087661916209,-0.9362971764083022
example_dataset/train/images/image_288.png,0.2923007009873179,0.9563264611011882
example_dataset/train/images/image_289.png,-0.7909716865956106,0.6118527527143236
example_dataset/train/images/image_290.png,0.631800442879514,-0.7751310859314379
example_dataset/train/images/image_291.png,0.2684447841026977,0.9632950731152194
example_dataset/train/images/image_292.png,0.5910208891922575,0.8066562517816328
example_dataset/train/images/image_293.png,-0.4755054704573547,-0.879712764239061
example_dataset/train/images/image_294.png,0.6962296344847794,-0.7178191248951162
example_dataset/train/images/image_295.png,0.1481736415572538,-0.9889613601893971
example_dataset/train/images/image_296.png,0.8205366193330995,0.5715939610715006
example_dataset/train/images/image_297.png,0.8974352927486947,-0.4411461156227771
example_dataset/train/images/image_298.png,-0.26581106272787686,-0.9640251443460782
example_dataset/train/images/image_299.png,-0.7622345142563776,0.6473009696241342
example_dataset/train/images/image_300.png,0.6344869844881519,-0.7729335459890013
example_dataset/train/images/image_301.png,0.5399333359747801,0.8417077834398023
example_dataset/train/images/image_302.png,0.2151297030123584,0.9765854857009776
example_dataset/train/images/image_303.png,-0.5279759159838796,-0.849259343275647
example_dataset/train/images/image_304.png,-0.7652980170830247,0.6436761181283568
example_dataset/train/images/image_305.png,0.996411635346381,-0.08463954717713618
example_dataset/train/images/image_306.png,0.2413963972776386,-0.9704265965962477
example_dataset/train/images/image_307.png,0.9986071495258263,0.05276135816962797
example_dataset/train/images/image_308.png,0.14904636556394993,0.9888302083331483
example_dataset/train/images/image_309.png,0.9066066259248821,0.4219768072170569
example_dataset/train/images/image_310.png,-0.8588399253900385,0.5122440654180712
example_dataset/train/images/image_311.png,0.8135050799333349,0.5815578087539178
example_dataset/train/images/image_312.png,0.9521816679852381,-0.3055324387898114
example_dataset/train/images/image_313.png,-0.9920183362031831,-0.1260936978467529
example_dataset/train/images/image_314.png,0.05086201641972302,0.9987056900237026
example_dataset/train/images/image_315.png,-0.741912344209875,0.6704968855326683
example_dataset/train/images/image_316.png,-0.3471284975890799,-0.9378175761636952
example_dataset/train/images/image_317.png,-0.5217514023239107,-0.8530975759976303
example_dataset/train/images/image_318.png,0.9960569114300245,0.08871656661796877
example_dataset/train/images/image_319.png,-0.7057054651834466,-0.7085053256046953
example_dataset/train/images/image_320.png,-0.19723451874954398,0.9803563355299112
example_dataset/train/images/image_321.png,-0.17017988556099986,-0.9854130131830232
example_dataset/train/images/image_322.png,-0.6694038428162783,-0.7428987112808848
example_dataset/train/images/image_323.png,-0.9997974043275607,-0.020128345681452543
example_dataset/train/images/image_324.png,-0.3148357133344718,0.9491461813699588
example_dataset/train/images/image_325.png,0.8539700597816812,0.5203221473245896
example_dataset/train/images/image_326.png,-0.23613081229905525,-0.9717212766441765
example_dataset/train/images/image_327.png,0.999735326555165,0.02300601742235717
example_dataset/train/images/image_328.png,0.5000179404943506,-0.866015045587424
example_dataset/train/images/image_329.png,0.8081558773414829,-0.5889686561425983
example_dataset/train/images/image_330.png,-0.7238138599471692,-0.6899952870479478
example_dataset/train/images/image_331.png,-0.060162771406312196,-0.9981885798468704
example_dataset/train/images/image_332.png,-0.98903720819108,0.14766651893233776
example_dataset/train/images/image_333.png,-0.16714847245565465,0.9859317360526242
example_dataset/train/images/image_334.png,-0.9246865659166799,0.3807292408171689
example_dataset/train/images/image_335.png,0.5151190640522303,-0.8571186323082436
example_dataset/train/images/image_336.png,-0.6780868103129736,-0.7349818213259275
example_dataset/train/images/image_337.png,-0.8752464641480298,-0.48367719296693285
example_dataset/train/images/image_338.png,-0.5353288490871467,0.844643725682628
example_dataset/train/images/image_339.png,0.5926829011628222,0.8054358935813701
example_dataset/train/images/image_340.png,0.538565970326536,-0.8425833463855293
example_dataset/train/images/image_341.png,-0.7311788097169384,0.682185860466868
example_dataset/train/images/image_342.png,-0.8637510484788868,0.5039187694972509
example_dataset/train/images/image_343.png,-0.5397546965532662,-0.8418223491620375
example_dataset/train/images/image_344.png,0.8480447635703776,0.5299245974484128
example_dataset/train/images/image_345.png,-0.2972811368900891,0.9547899903378418
example_dataset/train/images/image_346.png,-0.8688707837825618,0.4950389490626739
example_dataset/train/images/image_347.png,0.8865221260494726,-0.4626862003828545
example_dataset/train/images/image_348.png,0.2522448845920889,-0.967663432293028
example_dataset/train/images/image_349.png,0.980560930164669,-0.19621483693798225
example_dataset/train/images/image_350.png,-0.4459971116425148,0.8950343995660358
example_dataset/train/images/image_351.png,-0.4472710217382072,-0.8943984755763286
example_dataset/train/images/image_352.png,-0.9318723221990846,0.36278640426466574
example_dataset/train/images/image_353.png,-0.5894401929199421,0.8078120195754092
example_dataset/train/images/image_354.png,-0.7752223229459322,0.6316884912726468
example_dataset/train/images/image_355.png,0.909070088867376,-0.4166432209056822
example_dataset/train/images/image_356.png,-0.8067375493291734,0.5909099140328917
example_dataset/train/images/image_357.png,-0.03409114679856002,0.999418727916362
example_dataset/train/images/image_358.png,0.6050775928270474,0.7961665068681463
example_dataset/train/images/image_359.png,-0.9879575936477206,-0.15472489506800596
example_dataset/train/images/image_360.png,0.17713708824221155,-0.9841861876540796
example_dataset/train/images/image_361.png,-0.8757321420754888,0.48279728182320586
example_dataset/train/images/image_362.png,0.680501930409084,-0.7327462880898888
example_dataset/train/images/image_363.png,0.05296039133487128,0.9985966137283149
example_dataset/train/images/image_364.png,-0.5698759277015205,-0.8217307509314297
example_dataset/train/images/image_365.png,0.19628063146572275,-0.9805477620755744
example_dataset/train/images/image_366.png,0.23317458375033354,-0.9724348890763117
example_dataset/train/images/image_367.png,0.9087631892161426,0.4173121924000129
example_dataset/train/images/image_368.png,0.2521227570516856,0.9676952595609097
example_dataset/train/images/image_369.png,0.8540611865449842,0.5201725575589063
example_dataset/train/images/image_370.png,-0.8211207694711704,-0.5707544848208141
example_dataset/train/images/image_371.png,-0.9991292815499103,0.04172144232358231
example_dataset/train/images/image_372.png,0.5806962564244441,-0.8141202968693486
example_dataset/train/images/image_373.png,0.24002022005997542,-0.9707678888191353
example_dataset/train/images/image_374.png,-0.3986855479889571,-0.917087691458535
example_dataset/train/images/image_375.png,-0.5640164560694291,-0.8257635480468254
example_dataset/train/images/image_376.png,-0.6795126199245264,0.733663819036557
example_dataset/train/images/image_377.png,-0.3392702906835784,0.9406889336329414
example_dataset/train/images/image_378.png,0.9364277998615905,0.3508603363824148
example_dataset/train/images/image_379.png,-0.7748337873185939,0.6321650117093827
example_dataset/train/images/image_380.png,-0.9782669464179133,0.20734941896752812
example_dataset/train/images/image_381.png,0.9992967862432953,-0.037495773146073025
example_dataset/train/images/image_382.png,0.8530034084936441,-0.5219053411282791
example_dataset/train/images/image_383.png,-0.019754715476642103,0.9998048565677389
example_dataset/train/images/image_384.png,-0.3269154662747482,0.9450535846767442
example_dataset/train/images/image_385.png,0.7828799753141729,-0.622172760776362
example_dataset/train/images/image_386.png,0.5451382287190898,0.838346176462333
example_dataset/train/images/image_387.png,0.36818291353272703,-0.9297533770750996
example_dataset/train/images/image_388.png,-0.9466568262537833,-0.32224346899062867
example_dataset/train/images/image_389.png,-0.11907075089693703,0.992885772020548
example_dataset/train/images/image_390.png,0.13191214966924183,-0.9912614109152235
example_dataset/train/images/image_391.png,0.528580314291347,0.8488832966572383
example_dataset/train/images/image_392.png,0.4599193098988218,0.8879607133101055
example_dataset/train/images/image_393.png,0.8759838705368426,0.4823403969804853
example_dataset/train/images/image_394.png,-0.04220640369767205,-0.9991089127251889
example_dataset/train/images/image_395.png,0.9003170261138748,0.43523470965614475
example_dataset/train/images/image_396.png,0.20805648926183168,-0.9781168116723286
example_dataset/train/images/image_397.png,-0.7162906181418011,0.6978020853809743
example_dataset/train/images/image_398.png,-0.05794373422097589,0.9983198503808931
example_dataset/train/images/image_399.png,0.6893895475284014,0.7243908142422749
example_dataset/train/images/image_400.png,0.8762203902706817,-0.48191060132963887
example_dataset/train/images/image_401.png,0.2035755265088938,-0.9790592448910468
example_dataset/train/images/image_402.png,-0.814780790337003,-0.579769146900565
example_dataset/train/images/image_403.png,0.42088936812975114,-0.9071119775393438
example_dataset/train/images/image_404.png,0.8144572106763742,-0.580223622388179
example_dataset/train/images/image_405.png,-0.39111572298979413,-0.9203415079361413
example_dataset/train/images/image_406.png,0.9908997471107114,0.13460197315020506
example_dataset/train/images/image_407.png,0.5704724161457871,-0.8213167613148947
example_dataset/train/images/image_408.png,0.28750692952611434,0.9577785576397427
example_dataset/train/images/image_409.png,0.076997860553928,0.9970312580205888
example_dataset/train/images/image_410.png,-0.3445644862786447,0.9387626509376764
example_dataset/train/images/image_411.png,0.9877725848172039,-0.1559016378475216
example_dataset/train/images/image_412.png,-0.29306846322420843,0.95609145789689
example_dataset/train/images/image_413.png,0.9493418641178389,-0.3142451670802062
example_dataset/train/images/image_414.png,-0.830532770652946,-0.556969762977795
example_dataset/train/images/image_415.png,-0.825660633385486,-0.5641671015554508
example_dataset/train/images/image_416.png,-0.7943863806431641,-0.6074127741895573
example_dataset/train/images/image_417.png,-0.14649248962028957,0.9892117824231823
example_dataset/train/images/image_418.png,0.8407826722162385,-0.5413727903219014
example_dataset/train/images/image_419.png,0.9771751863760013,-0.2124350609739998
example_dataset/train/images/image_420.png,-0.07310305163339355,0.9973243924831506
example_dataset/train/images/image_421.png,-0.9465967773766989,0.3224198211339505
example_dataset/train/images/image_422.png,0.32021020429821434,0.9473465179454114
example_dataset/train/images/image_423.png,0.11696484746466008,0.9931360553607793
example_dataset/train/images/image_424.png,-0.768489693671885,-0.6398621654075918
example_dataset/train/images/image_425.png,-0.7464720602375858,-0.665416759095121
example_dataset/train/images/image_426.png,-0.47245983121231167,0.8813522042241876
example_dataset/train/images/image_427.png,0.9279024192505864,-0.372823148890877
example_dataset/train/images/image_428.png,-0.8701354296695253,0.49281267641349336
example_dataset/train/images/image_429.png,-0.6574302930410846,0.7535153679865552
example_dataset/train/images/image_430.png,0.13269298477575556,-0.9911571882357012
example_dataset/train/images/image_431.png,0.6527786345851073,0.7575487140964617
example_dataset/train/images/image_432.png,-0.8450670478756418,-0.5346603450740927
example_dataset/train/images/image_433.png,0.6497270168203412,0.7601676154728902
example_dataset/train/images/image_434.png,0.3113205075179499,0.9503049729422477
example_dataset/train/images/image_435.png,-0.2164034647502923,-0.9763040204997976
example_dataset/train/images/image_436.png,-0.8836018303729707,-0.468239047241402
example_dataset/train/images/image_437.png,-0.01845654064215944,0.9998296635465084
example_dataset/train/images/image_438.png,-0.9178854340562655,0.3968454736384695
example_dataset/train/images/image_439.png,-0.013818092439219581,0.9999045256029905
example_dataset/train/images/image_440.png,0.9786369047920291,-0.20559622705457659
example_dataset/train/images/image_441.png,-0.4244260780552636,0.9054625913126546
example_dataset/train/images/image_442.png,0.346387638273587,0.9380914689150769
example_dataset/train/images/image_443.png,0.8516897799544801,-0.524046294444574
example_dataset/train/images/image_444.png,0.4701830255987486,0.8825689335336966
example_dataset/train/images/image_445.png,0.8505635656915317,0.525872247526058
example_dataset/train/images/image_446.png,0.6739443622691313,0.7387821035769979
example_dataset/train/images/image_447.png,0.9052517108455483,0.42487567594675
example_dataset/train/images/image_448.png,-0.7514940433625054,0.6597398750952325
example_dataset/train/images/image_449.png,0.8280387670919518,-0.5606708483529715
example_dataset/train/images/image_450.png,0.6838603415221197,-0.7296129338856662
example_dataset/train/images/image_451.png,0.022478405940736253,0.9997473287117918
example_dataset/train/images/image_452.png,0.9717224728988236,0.23612588943907636
example_dataset/train/images/image_453.png,-0.8766694037614794,0.4810932929365078
example_dataset/train/images/image_454.png,0.28592835351695406,0.9582509987759384
example_dataset/train/images/image_455.png,-0.8145979130620403,0.5800260684098333
example_dataset/train/images/image_456.png,0.15615324858659083,0.9877328398690884
example_dataset/train/images/image_457.png,-0.3232042656551057,0.9463292253028773
example_dataset/train/images/image_458.png,0.9559715073513401,0.29345949828282414
example_dataset/train/images/image_459.png,-0.9170787533398304,0.3987061075186365
example_dataset/train/images/image_460.png,0.7227887296789574,-0.6910690647461217
example_dataset/train/images/image_461.png,0.18658848467369546,-0.9824381595740131
example_dataset/train/images/image_462.png,0.617264722735947,-0.7867555287798839
example_dataset/train/images/image_463.png,-0.828890189620966,0.5594113455679274
example_dataset/train/images/image_464.png,0.9991192119485129,-0.04196189122742567
example_dataset/train/images/image_465.png,-0.2830662440876612,0.9591003604723045
example_dataset/train/images/image_466.png,-0.5499957976709906,-0.8351674218647723
example_dataset/train/images/image_467.png,0.6591126897790436,-0.7520441889757772
example_dataset/train/images/image_468.png,-0.8216838521998598,0.5699435472342841
example_dataset/train/images/image_469.png,0.3967395278105082,-0.917931232213337
example_dataset/train/images/image_470.png,-0.8263707634528347,0.563126416810985
example_dataset/train/images/image_471.png,0.9885662685830479,-0.1507870439387586
example_dataset/train/images/image_472.png,0.8652272913388298,-0.5013798303905652
example_dataset/train/images/image_473.png,-0.910706306526032,-0.41305450397461235
example_dataset/train/images/image_474.png,-0.1841319423625802,0.9829015351507919
example_dataset/train/images/image_475.png,-0.5652520349342595,0.8249182608008375
example_dataset/train/images/image_476.png,-0.6550132537595164,0.7556173882325442
example_dataset/train/images/image_477.png,-0.07332884453446992,0.9973078163532259
example_dataset/train/images/image_478.png,0.6001797916605868,0.7998651246818145
example_dataset/train/images/image_479.png,0.7862953639106436,0.6178507916096156
example_dataset/train/images/image_480.png,0.4353328424203562,0.9002695797983032
example_dataset/train/images/image_481.png,0.2671084083839677,0.9636664870019003
example_dataset/train/images/image_482.png,-0.06219076490916979,0.9980642808757423
example_dataset/train/images/image_483.png,-0.3515971875340572,0.9361513861113174
example_dataset/train/images/image_484.png,-0.028056220909381927,-0.9996063467527023
example_dataset/train/images/image_485.png,0.18485618329661402,-0.9827655831870634
example_dataset/train/images/image_486.png,0.7899028412388001,-0.6132320127022651
example_dataset/train/images/image_487.png,-0.2298131115210444,-0.9732347783412881
example_dataset/train/images/image_488.png,-0.1834378742828344,-0.9830313048314357
example_dataset/train/images/image_489.png,-0.9014916808782623,0.4327964294068116
example_dataset/train/images/image_490.png,0.8793782757688633,0.4761237739346576
example_dataset/train/images/image_491.png,-0.9987849618352278,-0.049280828034871785
example_dataset/train/images/image_492.png,-0.0031100064617006836,-0.9999951639182103
example_dataset/train/images/image_493.png,0.8636838848552146,0.5040338748947379
example_dataset/train/images/image_494.png,-0.9926787769885401,0.12078429416334041
example_dataset/train/images/image_495.png,0.10153419000630551,-0.9948320502777157
example_dataset/train/images/image_496.png,-0.34074826123392027,-0.9401545737090578
example_dataset/train/images/image_497.png,-0.9628024453136022,-0.2702063124690986
example_dataset/train/images/image_498.png,0.9419389221319651,0.33578425658876826
example_dataset/train/images/image_499.png,-0.7062383844904387,0.7079741127134066
example_dataset/train/images/image_500.png,0.8343189890799574,0.5512819827099358
example_dataset/train/images/image_501.png,0.09178433926219297,-0.9957789087273353
example_dataset/train/images/image_502.png,0.8711835168208182,0.4909575134568277
example_dataset/train/images/image_503.png,0.8155615830171861,0.5786702898080232
example_dataset/train/images/image_504.png,0.8908480544789888,-0.4543013799571826
example_dataset/train/images/image_505.png,0.9889373995868603,0.14833347463866214
example_dataset/train/images/image_506.png,0.949034719879293,-0.3151715413288958
example_dataset/train/images/image_507.png,0.9935639550626851,0.11327253506563166
example_dataset/train/images/image_508.png,-0.8027584083682104,-0.5963044002807103
example_dataset/train/images/image_509.png,-0.6026730390848588,0.797988225452118
example_dataset/train/images/image_510.png,0.6735822372645228,-0.7391122848672724
example_dataset/train/images/image_511.png,-0.011367854884934822,0.9999353838500341
example_dataset/train/images/image_512.png,0.9695536252977965,0.24487908786154036
example_dataset/train/images/image_513.png,0.3018452018073408,0.9533569500170888
example_dataset/train/images/image_514.png,0.5143986123337139,-0.857551204085884
example_dataset/train/images/image_515.png,-0.15244559119875858,-0.9883118646075544
example_dataset/train/images/image_516.png,0.5250020372420627,0.8511009698570928
example_dataset/train/images/image_517.png,-0.29346595751854515,0.9559695245025981
example_dataset/train/images/image_518.png,-0.6418681213363665,-0.766815046026174
example_dataset/train/images/image_519.png,0.20959480885158208,0.9777883288843597
example_dataset/train/images/image_520.png,0.9648174323484665,-0.26292075276879945
example_dataset/train/images/image_521.png,0.999363377886147,-0.03567686841624371
example_dataset/train/images/image_522.png,-0.1917305977479037,0.9814475930416415
example_dataset/train/images/image_523.png,0.38236314098929153,-0.9240121365073097
example_dataset/train/images/image_524.png,0.730564674884715,0.6828435075554212
example_dataset/train/images/image_525.png,-0.8450548027286939,0.5346796988713601
example_dataset/train/images/image_526.png,0.8844323310492355,0.4666684602529033
example_dataset/train/images/image_527.png,-0.6337861719412752,-0.7735082987635131
example_dataset/train/images/image_528.png,-0.021785089306640183,0.9997626767807958
example_dataset/train/images/image_529.png,0.826243003283866,-0.5633138552569583
example_dataset/train/images/image_530.png,0.26148442660051946,-0.9652076950819433
example_dataset/train/images/image_531.png,0.5510275023510044,-0.8344870829754131
example_dataset/train/images/image_532.png,-0.3079701206598835,-0.9513960294119043
example_dataset/train/images/image_533.png,-0.7445471799605746,0.6675698441457311
example_dataset/train/images/image_534.png,-0.8035090813217123,0.5952924963692537
example_dataset/train/images/image_535.png,-0.09788523322766217,0.9951977095612541
example_dataset/train/images/image_536.png,0.05977007902596048,-0.9982121706597404
example_dataset/train/images/image_537.png,0.8959961734054319,-0.4440617718773179
example_dataset/train/images/image_538.png,-0.9641966600937868,-0.26518823628507115
example_dataset/train/images/image_539.png,0.8700741059833679,0.49292093696377204
example_dataset/train/images/image_540.png,-0.7064929652193701,-0.7077200647823559
example_dataset/train/images/image_541.png,-0.15304972335060416,0.9882184890915083
example_dataset/train/images/image_542.png,0.6640493019123547,0.7476887886211178
example_dataset/train/images/image_543.png,0.9741770730709823,0.22578536334947372
example_dataset/train/images/image_544.png,-0.7969354540416506,-0.6040644684894388
example_dataset/train/images/image_545.png,-0.887269639725575,-0.461251109940397
example_dataset/train/images/image_546.png,0.9974613930719096,0.0712093345780276
example_dataset/train/images/image_547.png,0.9939857369434119,-0.10950961032285043
example_dataset/train/images/image_548.png,0.03932256255623651,-0.9992265689392026
example_dataset/train/images/image_549.png,0.9353639792476188,0.3536866216385066
example_dataset/train/images/image_550.png,0.32578684992122764,-0.9454432444194646
example_dataset/train/images/image_551.png,0.997773579527743,-0.06669245831722433
example_dataset/train/images/image_552.png,0.7292138704745821,-0.6842858548205416
example_dataset/train/images/image_553.png,0.502818526490843,-0.8643919998574591
example_dataset/train/images/image_554.png,-0.3098537022521357,0.9507842463990687
example_dataset/train/images/image_555.png,-0.6593436429880999,0.7518417123644983
example_dataset/train/images/image_556.png,0.8688875445681274,0.4950095301045933
example_dataset/train/images/image_557.png,0.38105486092147645,0.924552428458286
example_dataset/train/images/image_558.png,0.9997127543393255,-0.023966827309415784
example_dataset/train/images/image_559.png,0.18799102860682057,0.9821707454222762
example_dataset/train/images/image_560.png,0.6815373313496564,0.7317833463374174
example_dataset/train/images/image_561.png,0.4878168080293009,-0.8729460245651528
example_dataset/train/images/image_562.png,0.8185383955424186,-0.5744518213243327
example_dataset/train/images/image_563.png,0.3723717636402592,-0.9280836544425523
example_dataset/train/images/image_564.png,-0.1914804024757524,0.9814964368084704
example_dataset/train/images/image_565.png,0.6059164943621762,0.795528253338529
example_dataset/train/images/image_566.png,0.9627009896037705,0.2705675601692134
example_dataset/train/images/image_567.png,-0.24550117945356903,0.9693962919708876
example_dataset/train/images/image_568.png,0.6958632423631935,-0.7181743158368888
example_dataset/train/images/image_569.png,0.6485323635339412,0.7611870817670778
example_dataset/train/images/image_570.png,-0.21140974832557294,0.9773975231771963
example_dataset/train/images/image_571.png,-0.7668871565481904,0.641781963848651
example_dataset/train/images/image_572.png,-0.9959731114890241,0.08965244665301599
example_dataset/train/images/image_573.png,-0.6057262478928079,-0.7956731191976393
example_dataset/train/images/image_574.png,0.8831431327811211,-0.4691036207721562
example_dataset/train/images/image_575.png,-0.41819556557606935,-0.9083570162290329
example_dataset/train/images/image_576.png,-0.4348753189478299,-0.9004906756707829
example_dataset/train/images/image_577.png,0.8518096628881784,0.5238514085218516
example_dataset/train/images/image_578.png,-0.2921820596916957,0.9563627157069217
example_dataset/train/images/image_579.png,0.9493841035395444,-0.3141175320583294
example_dataset/train/images/image_580.png,-0.7371804862442348,0.6756958862540999
example_dataset/train/images/image_581.png,-0.6452145993401225,-0.7640013879557844
example_dataset/train/images/image_582.png,0.38654935736029544,0.9222687213195202
example_dataset/train/images/image_583.png,0.9261049544307999,0.37726597166816705
example_dataset/train/images/image_584.png,0.571760023841547,0.8204209133955045
example_dataset/train/images/image_585.png,0.9377057912121618,0.3474303514766287
example_dataset/train/images/image_586.png,0.857229805799689,-0.5149340346574768
example_dataset/train/images/image_587.png,-0.9371689804467607,-0.34887576884670407
example_dataset/train/images/image_588.png,-0.9983171786285029,-0.057989747845856324
example_dataset/train/images/image_589.png,-0.6672329733586652,-0.7448490848909965
example_dataset/train/images/image_590.png,0.1281682260323519,0.9917524418098097
example_dataset/train/images/image_591.png,0.5047694191783473,-0.8632542113782903
example_dataset/train/images/image_592.png,-0.72477102790564,0.6889898091471326
example_dataset/train/images/image_593.png,-0.9748445806196243,-0.22288571878105828
example_dataset/train/images/image_594.png,0.49391191942908486,-0.8695119411749772
example_dataset/train/images/image_595.png,0.07874533941469218,-0.9968947645165287
example_dataset/train/images/image_596.png,-0.8829298905813817,0.4695048544136143
example_dataset/train/images/image_597.png,-0.9638329668455637,0.2665070581085582
example_dataset/train/images/image_598.png,-0.03552174194150226,0.9993689037835035
example_dataset/train/images/image_599.png,0.1619754788696347,0.9867947832477392
example_dataset/train/images/image_600.png,0.2799613051230384,-0.9600112851596094
example_dataset/train/images/image_601.png,0.21960696060145557,0.9755884290290606
example_dataset/train/images/image_602.png,0.7691884527636588,0.6390220059865299
example_dataset/train/images/image_603.png,-0.7270603187659297,-0.6865735888278727
example_dataset/train/images/image_604.png,-0.6254952249121233,0.7802279946349864
example_dataset/train/images/image_605.png,-0.8735991248654384,-0.4866462462963629
example_dataset/train/images/image_606.png,-0.6260053613679183,0.7798187530052237
example_dataset/train/images/image_607.png,-0.23004674625346874,0.9731795797992231
example_dataset/train/images/image_608.png,-0.9238673046918402,0.38271295159875945
example_dataset/train/images/image_609.png,-0.36286973476000217,0.9318398765856748
example_dataset/train/images/image_610.png,-0.9676147993174944,0.2524313770943803
example_dataset/train/images/image_611.png,0.8373285702006255,0.5466999776164035
example_dataset/train/images/image_612.png,-0.8189840325853649,-0.5738163071665131
example_dataset/train/images/image_613.png,0.2856181489825906,-0.9583435046849114
example_dataset/train/images/image_614.png,0.3996961624203383,0.9166476846348628
example_dataset/train/images/image_615.png,-0.37696277303422626,-0.9262284101377729
example_dataset/train/images/image_616.png,-0.03420168224690232,0.9994149513247648
example_dataset/train/images/image_617.png,-0.44023933583888547,0.8978804637478961
example_dataset/train/images/image_618.png,0.9496375809794818,-0.31335038661447057
example_dataset/train/images/image_619.png,0.3298567752076808,0.944030988818476
example_dataset/train/images/image_620.png,-0.8810189132730555,-0.4730810442780015
example_dataset/train/images/image_621.png,-0.4973114365412315,-0.8675720921544772
example_dataset/train/images/image_622.png,-0.4686256098705104,-0.8833968744417723
example_dataset/train/images/image_623.png,0.04422247850981526,-0.9990217076692823
example_dataset/train/images/image_624.png,0.14859005925357202,-0.9888988797096596
example_dataset/train/images/image_625.png,0.36895608509841477,0.929446828639945
example_dataset/train/images/image_626.png,-0.9828515419473258,0.18439860761883206
example_dataset/train/images/image_627.png,0.7123175300946825,-0.7018573475570453
example_dataset/train/images/image_628.png,0.9700228545353751,0.24301370677194883
example_dataset/train/images/image_629.png,-0.9968859058168463,-0.07885740791914221
example_dataset/train/images/image_630.png,0.990861051288323,0.13488653394538364
example_dataset/train/images/image_631.png,0.5050570860895809,-0.8630859399797344
example_dataset/train/images/image_632.png,0.11894795283356216,-0.9929004907425036
example_dataset/train/images/image_633.png,-0.12212912302313444,-0.9925142202052322
example_dataset/train/images/image_634.png,-0.5113607520107246,0.8593661508943823
example_dataset/train/images/image_635.png,0.8731858528561381,0.48738738840053963
example_dataset/train/images/image_636.png,-0.9605143049658603,-0.2782306057139473
example_dataset/train/images/image_637.png,0.9932453302400308,0.11603324504801264
example_dataset/train/images/image_638.png,0.9859237662878269,0.1671954756230761
example_dataset/train/images/image_639.png,0.5277272610718284,-0.8494138790493279
example_dataset/train/images/image_640.png,0.6588672359035109,-0.7522592408557488
example_dataset/train/images/image_641.png,0.5949238708302601,0.8037820524970309
example_dataset/train/images/image_642.png,-0.5084185070941901,-0.8611101100580082
example_dataset/train/images/image_643.png,-0.963796994084534,0.26663712080956903
example_dataset/train/images/image_644.png,-0.4560941227267731,-0.8899315429931087
example_dataset/train/images/image_645.png,0.1540083277612176,0.9880695496675289
example_dataset/train/images/image_646.png,-0.007240094473692251,0.9999737901725284
example_dataset/train/images/image_647.png,0.6375198346662487,-0.7704339429225057
example_dataset/train/images/image_648.png,0.9535707872705014,-0.3011689785889581
example_dataset/train/images/image_649.png,0.6392115695654232,0.7690309287237465
example_dataset/train/images/image_650.png,-0.5585890477835904,0.8294445585427768
example_dataset/train/images/image_651.png,-0.2255412110743882,-0.9742336280929221
example_dataset/train/images/image_652.png,0.5126881487527445,-0.8585749018743115
example_dataset/train/images/image_653.png,0.951429059037639,-0.30786806527919225
example_dataset/train/images/image_654.png,0.9162753731704236,0.4005489240047975
example_dataset/train/images/image_655.png,-0.03058972566443702,0.9995320248415128
example_dataset/train/images/image_656.png,0.9280785357215627,0.3723845210705192
example_dataset/train/images/image_657.png,0.007891455677160925,-0.9999688619788596
example_dataset/train/images/image_658.png,-0.9613075308333056,-0.2754774603541517
example_dataset/train/images/image_659.png,-0.9560303630872251,-0.29326770169131894
example_dataset/train/images/image_660.png,0.10634220720136361,0.9943295907130302
example_dataset/train/images/image_661.png,-0.1434117253958622,0.9896631128919486
example_dataset/train/images/image_662.png,0.03262019408712275,-0.9994678198610091
example_dataset/train/images/image_663.png,-0.9884389046079027,-0.1516196948207236
example_dataset/train/images/image_664.png,-0.8958795088563327,0.4442970916080095
example_dataset/train/images/image_665.png,0.7823223229344828,0.6228738098831857
example_dataset/train/images/image_666.png,-0.14173501222619056,0.9899046349569445
example_dataset/train/images/image_667.png,0.40353354721372053,-0.9149648497473069
example_dataset/train/images/image_668.png,-0.8968884192050717,-0.44225689762379905
example_dataset/train/images/image_669.png,-0.9156465208888942,0.40198438873178133
example_dataset/train/images/image_670.png,0.999820126158436,0.01896616272546829
example_dataset/train/images/image_671.png,0.34451031370550234,0.9387825327255169
example_dataset/train/images/image_672.png,0.5387394837177999,-0.8424724141973305
example_dataset/train/images/image_673.png,-0.9391277735949946,0.34356807893415914
example_dataset/train/images/image_674.png,-0.9867483807701257,-0.16225792137068382
example_dataset/train/images/image_675.png,-0.5446040870865352,-0.8386932623603469
example_dataset/train/images/image_676.png,0.5806763826714378,0.8141344720668778
example_dataset/train/images/image_677.png,-0.21719009050368107,-0.9761293277978091
example_dataset/train/images/image_678.png,-0.8125854626579608,0.5828420591180322
example_dataset/train/images/image_679.png,-0.9924015950591335,0.12304094490895164
example_dataset/train/images/image_680.png,-0.026419350621644955,0.9996509480377291
example_dataset/train/images/image_681.png,0.12197236619230595,-0.9925334966062608
example_dataset/train/images/image_682.png,0.991337535058243,-0.13133884263479434
example_dataset/train/images/image_683.png,-0.029244399584770445,-0.9995722910790026
example_dataset/train/images/image_684.png,-0.44792555087158364,-0.8940708589795265
example_dataset/train/images/image_685.png,-0.1005252962945348,0.9949345027713613
example_dataset/train/images/image_686.png,-0.6477509192293901,-0.7618521816189019
example_dataset/train/images/image_687.png,0.9900288075824665,-0.14086504235203148
example_dataset/train/images/image_688.png,-0.5410794733942614,0.8409714641243119
example_dataset/train/images/image_689.png,-0.31479851639301637,0.949158518940201
example_dataset/train/images/image_690.png,0.8116451557126999,-0.5841507863626542
example_dataset/train/images/image_691.png,0.9627704208665812,-0.2703203963898884
example_dataset/train/images/image_692.png,0.9274152134600203,0.3740334501657637
example_dataset/train/images/image_693.png,0.6403243019857403,0.7681046727409453
example_dataset/train/images/image_694.png,0.04244034376246063,-0.9990990027126061
example_dataset/train/images/image_695.png,0.5615798768624666,-0.8274225292455704
example_dataset/train/images/image_696.png,0.9977085481973734,0.06765835391058043
example_dataset/train/images/image_697.png,-0.8924450764838036,0.45115605444216095
example_dataset/train/images/image_698.png,-0.8110535596899521,-0.5849718995936962
example_dataset/train/images/image_699.png,0.8772425380185485,-0.48004742421012503
example_dataset/train/images/image_700.png,-0.8898949942876385,0.45616542957769596
example_dataset/train/images/image_701.png,0.8550876163815884,0.5184835275212256
example_dataset/train/images/image_702.png,0.796239652702587,-0.6049813348063423
example_dataset/train/images/image_703.png,-0.6876158189252728,0.7260747107314276
example_dataset/train/images/image_704.png,-0.7895184184472344,-0.613726866718883
example_dataset/train/images/image_705.png,0.9223811744144336,0.3862809457970326
example_dataset/train/images/image_706.png,0.20605281066789252,0.9785408725320889
example_dataset/train/images/image_707.png,-0.569908649860362,0.8217080569243185
example_dataset/train/images/image_708.png,0.2076401453035423,0.9782052801218791
example_dataset/train/images/image_709.png,0.9489908748483908,0.31530353542972794
example_dataset/train/images/image_710.png,0.44857466785563227,0.893745359349188
example_dataset/train/images/image_711.png,-0.3987986765529223,-0.9170385027792659
example_dataset/train/images/image_712.png,-0.4692190592449913,-0.8830818050674837
example_dataset/train/images/image_713.png,0.8811821012667513,-0.47277701340813155
example_dataset/train/images/image_714.png,-0.6243559882506825,-0.781139936205744
example_dataset/train/images/image_715.png,0.3526368160904125,0.9357602662742295
example_dataset/train/images/image_716.png,0.8278400391387861,-0.5609642320136758
example_dataset/train/images/image_717.png,-0.509051338286779,0.8607361587550737
example_dataset/train/images/image_718.png,-0.15290230537094923,0.9882413091002868
example_dataset/train/images/image_719.png,0.5555274544358733,0.8314981944466258
example_dataset/train/images/image_720.png,0.49183986640660765,0.8706856756678212
example_dataset/train/images/image_721.png,0.138247169398558,-0.9903977585562713
example_dataset/train/images/image_722.png,0.5230083070905689,-0.8523275841566182
example_dataset/train/images/image_723.png,-0.6695866840948606,0.7427339176871145
example_dataset/train/images/image_724.png,0.9998524859477503,0.01717574872032758
example_dataset/train/images/image_725.png,0.17851578822688496,0.9839370474546296
example_dataset/train/images/image_726.png,0.09214379132829567,0.9957457113739668
example_dataset/train/images/image_727.png,0.3057887206963853,-0.9520993951761907
example_dataset/train/images/image_728.png,0.8922909709110552,0.451460765992579
example_dataset/train/images/image_729.png,0.886509607710698,0.46271018514468015
example_dataset/train/images/image_730.png,-0.11237376717559007,-0.9936660085012299
example_dataset/train/images/image_731.png,-0.23865771613071823,-0.9711037506524571
example_dataset/train/images/image_732.png,-0.7022182434797919,0.7119617535543293
example_dataset/train/images/image_733.png,0.9731889401125309,0.2300071451991198
example_dataset/train/images/image_734.png,-0.9373184120555248,0.3484740943337241
example_dataset/train/images/image_735.png,0.8909858291583251,-0.45403111373456767
example_dataset/train/images/image_736.png,-0.9940475631598863,0.10894696955809313
example_dataset/train/images/image_737.png,-0.7710166495592399,0.6368149857709414
example_dataset/train/images/image_738.png,-0.2770108950569067,0.9608667774565688
example_dataset/train/images/image_739.png,-0.8969546744633767,-0.44212250786212864
example_dataset/train/images/image_740.png,0.8886250884902975,-0.4586343337623241
example_dataset/train/images/image_741.png,0.974254301035407,-0.22545189490002182
example_dataset/train/images/image_742.png,0.23422343102353121,0.9721827936965173
example_dataset/train/images/image_743.png,-0.6273124819974857,-0.7787676482303013
example_dataset/train/images/image_744.png,-0.770401270552737,0.6375593167154946
example_dataset/train/images/image_745.png,-0.21087061375575913,0.9775139816157461
example_dataset/train/images/image_746.png,-0.9504526582260122,0.31086933665304955
example_dataset/train/images/image_747.png,0.6094528985591873,0.7928222779651217
example_dataset/train/images/image_748.png,0.8627164800512452,0.5056879225846603
example_dataset/train/images/image_749.png,0.8655550266521027,0.5008138335122921
example_dataset/train/images/image_750.png,0.8161003271550787,-0.5779102491022058
example_dataset/train/images/image_751.png,-0.9999914953861055,-0.0041242157388193135
example_dataset/train/images/image_752.png,-0.35152924212895276,-0.9361769020480286
example_dataset/train/images/image_753.png,0.5890676275077438,0.8080837396101955
example_dataset/train/images/image_754.png,0.05972741722803032,0.9982147242108127
example_dataset/train/images/image_755.png,-0.9859168048567134,-0.16723652083540105
example_dataset/train/images/image_756.png,-0.3585100697464003,-0.9335258592510607
example_dataset/train/images/image_757.png,-0.5618098707858706,-0.8272663833902375
example_dataset/train/images/image_758.png,0.9230319602542979,0.3847232776283598
example_dataset/train/images/image_759.png,-0.48352578915548344,0.8753301155687303
example_dataset/train/images/image_760.png,0.9026730218266773,0.43032710310448147
example_dataset/train/images/image_761.png,-0.2297444830348593,-0.9732509812556293
example_dataset/train/images/image_762.png,-0.32348549187685655,0.9462331301244891
example_dataset/train/images/image_763.png,0.773693800086387,0.6335597080843176
example_dataset/train/images/image_764.png,-0.4001432261006848,-0.9164526166724256
example_dataset/train/images/image_765.png,0.07941537388393376,-0.9968416114864361
example_dataset/train/images/image_766.png,0.9096140873915451,-0.41545422373451285
example_dataset/train/images/image_767.png,-0.2805073961210698,-0.9598518639463995
example_dataset/train/images/image_768.png,0.6940825563774069,-0.7198954124958734
example_dataset/train/images/image_769.png,-0.3772238622023226,-0.9261221073838822
example_dataset/train/images/image_770.png,-0.015523523654658773,0.9998795028468896
example_dataset/train/images/image_771.png,0.9641682914228353,-0.26529136023393307
example_dataset/train/images/image_772.png,-0.7891063414574335,0.6142566091395878
example_dataset/train/images/image_773.png,-0.9572235261888012,0.2893494788498459
example_dataset/train/images/image_774.png,0.5296245442527929,0.8482321864472142
example_dataset/train/images/image_775.png,-0.44127232109877423,-0.897373243768779
example_dataset/train/images/image_776.png,-0.7279749218151261,-0.6856037581637523
example_dataset/train/images/image_777.png,-0.5247826514102801,0.8512362590836909
example_dataset/train/images/image_778.png,0.7510296096721517,-0.6602685252196226
example_dataset/train/images/image_779.png,0.9839017184439002,-0.1787104038469499
example_dataset/train/images/image_780.png,-0.02858435423749911,-0.9995913838628387
example_dataset/train/images/image_781.png,-0.9394814386235165,0.3425998051398858
example_dataset/train/images/image_782.png,0.934223810978565,-0.3566873575004957
example_dataset/train/images/image_783.png,0.12876140747660397,0.9916756021727285
example_dataset/train/images/image_784.png,-0.9471808040283912,-0.3207000537576046
example_dataset/train/images/image_785.png,0.5349950535397159,-0.8448551903658026
example_dataset/train/images/image_786.png,0.21150000860065493,-0.9773779956403371
example_dataset/train/images/image_787.png,0.9970932225175334,-0.07619124365437682
example_dataset/train/images/image_788.png,-0.8110948981741889,0.5849145802215928
example_dataset/train/images/image_789.png,-0.67167017388185,-0.74085030709147
example_dataset/train/images/image_790.png,0.17201223348088665,0.9850948134737676
example_dataset/train/images/image_791.png,-0.9981616732888784,0.06060754059641582
example_dataset/train/images/image_792.png,0.5261338392006017,0.850401777542848
example_dataset/train/images/image_793.png,0.43326623839505707,-0.9012659799787173
example_dataset/train/images/image_794.png,-0.9946262618606232,0.10353066800307531
example_dataset/train/images/image_795.png,-0.34453143272246733,-0.9387747822913672
example_dataset/train/images/image_796.png,0.4348924352300204,0.9004824094782209
example_dataset/train/images/image_797.png,-0.9195608324138556,-0.39294767525758095
example_dataset/train/images/image_798.png,0.2881614491403272,0.9575818394421161
example_dataset/train/images/image_799.png,0.02855102590912297,-0.9995923363649486
example_dataset/train/images/image_800.png,-0.13186589523215556,0.9912675651279135
example_dataset/train/images/image_801.png,-0.6286097110773414,-0.7777209211145483
example_dataset/train/images/image_802.png,-0.451759028604476,-0.8921400002658441
example_dataset/train/images/image_803.png,0.07529005950978908,0.9971616754263135
example_dataset/train/images/image_804.png,0.7880861199012712,-0.6155649986954742
example_dataset/train/images/image_805.png,-0.18350662406431714,-0.983018473338379
example_dataset/train/images/image_806.png,0.9961381664405764,-0.0877995066068508
example_dataset/train/images/image_807.png,-0.05643164494509218,0.9984064650475732
example_dataset/train/images/image_808.png,0.3692973581283018,-0.9293112833057914
example_dataset/train/images/image_809.png,-0.3480373522038095,0.9374806672518433
example_dataset/train/images/image_810.png,0.07851109013966213,-0.9969132403198795
example_dataset/train/images/image_811.png,0.808897646921505,-0.5879494849090797
example_dataset/train/images/image_812.png,0.8663258062386321,0.49947932634392794
example_dataset/train/images/image_813.png,-0.3296715663736999,0.9440956828228331
example_dataset/train/images/image_814.png,0.07931965486737587,0.9968492325079658
example_dataset/train/images/image_815.png,0.49698924049918597,-0.8677567025543751
example_dataset/train/images/image_816.png,-0.5298949160814161,0.8480633100842583
example_dataset/train/images/image_817.png,-0.6383838437252045,-0.7697181744447986
example_dataset/train/images/image_818.png,-0.9141309005969938,0.4054191615769155
example_dataset/train/images/image_819.png,0.8880929140381283,-0.45966398165971806
example_dataset/train/images/image_820.png,0.01714738937825513,0.9998529727102433
example_dataset/train/images/image_821.png,-0.1733864334775172,0.9848538697116168
example_dataset/train/images/image_822.png,-0.9274649026762835,0.3739102222508395
example_dataset/train/images/image_823.png,-0.18652170592353268,0.982450840103145
example_dataset/train/images/image_824.png,0.4168005356530829,0.908997972208576
example_dataset/train/images/image_825.png,0.8717344425130703,0.4899786339591008
example_dataset/train/images/image_826.png,0.4821907657061276,-0.876066244908305
example_dataset/train/images/image_827.png,0.7534276033397826,-0.6575308711579032
example_dataset/train/images/image_828.png,0.1268222852528629,0.9919254548418653
example_dataset/train/images/image_829.png,-0.6619053163070463,0.7495874547005631
example_dataset/train/images/image_830.png,0.9960062298059174,-0.08928376217320888
example_dataset/train/images/image_831.png,-0.9613349022931539,-0.2753819268452673
example_dataset/train/images/image_832.png,0.999844599935618,-0.017628839428162776
example_dataset/train/images/image_833.png,-0.892589038936855,-0.4508711651567236
example_dataset/train/images/image_834.png,0.8382929597810771,0.5452200597753916
example_dataset/train/images/image_835.png,-0.5457849591109989,-0.8379252821154194
example_dataset/train/images/image_836.png,-0.39091565719153865,-0.9204265038353183
example_dataset/train/images/image_837.png,0.9806686819794995,-0.19567558913822447
example_dataset/train/images/image_838.png,0.6247281212391695,0.7808423493465102
example_dataset/train/images/image_839.png,0.9178843989503976,-0.3968478677824378
example_dataset/train/images/image_840.png,0.9982090113114224,-0.059822819531285945
example_dataset/train/images/image_841.png,-0.9412100751314209,0.33782183835729895
example_dataset/train/images/image_842.png,-0.7045208269254805,0.7096833127728432
example_dataset/train/images/image_843.png,-0.9176813255185869,0.39731723445434547
example_dataset/train/images/image_844.png,0.7381599629225323,-0.6746257252271113
example_dataset/train/images/image_845.png,0.7772701021449987,-0.6291670591436771
example_dataset/train/images/image_846.png,0.5434136063232324,-0.8394650990141157
example_dataset/train/images/image_847.png,0.06504207923137642,0.9978825221083187
example_dataset/train/images/image_848.png,-0.827879810125772,-0.5609055357064284
example_dataset/train/images/image_849.png,0.9440220321403141,0.32988240758438686
example_dataset/train/images/image_850.png,0.5825694228573381,0.8127809468434088
example_dataset/train/images/image_851.png,0.4964969927966372,0.8680384416279592
example_dataset/train/images/image_852.png,0.8617615334146072,-0.5073135712031611
example_dataset/train/images/image_853.png,0.3337143692503669,0.9426742384067943
example_dataset/train/images/image_854.png,-0.13485704848784458,-0.9908650647152452
example_dataset/train/images/image_855.png,0.9941399949616284,-0.10810027945243011
example_dataset/train/images/image_856.png,-0.9316428618268254,0.3633752578356463
example_dataset/train/images/image_857.png,-0.9859992784162854,-0.16674958159637004
example_dataset/train/images/image_858.png,0.867345157001664,0.49770712133317796
example_dataset/train/images/image_859.png,0.852247247410447,-0.5231392064081187
example_dataset/train/images/image_860.png,0.8923349179972538,-0.45137389614690204
example_dataset/train/images/image_861.png,0.768378751432618,0.6399953861918467
example_dataset/train/images/image_862.png,-0.6526382796472849,0.7576696350910681
example_dataset/train/images/image_863.png,-0.5527411050525051,0.8333530289051188
example_dataset/train/images/image_864.png,0.19593689507607495,0.9806165066670799
example_dataset/train/images/image_865.png,-0.5388881398038415,-0.8423773339654597
example_dataset/train/images/image_866.png,-0.06392210751279756,-0.9979548908498432
example_dataset/train/images/image_867.png,0.44356643094629483,-0.8962414972191177
example_dataset/train/images/image_868.png,-0.702384754872061,-0.7117974825210571
example_dataset/train/images/image_869.png,0.4856299780347345,0.8741644721870039
example_dataset/train/images/image_870.png,-0.5261380361233008,-0.8503991809405254
example_dataset/train/images/image_871.png,0.060182881574754876,0.9981873675645063
example_dataset/train/images/image_872.png,-0.9685164184667759,0.24894968801002562
example_dataset/train/images/image_873.png,0.8894494965127658,0.4570334704955287
example_dataset/train/images/image_874.png,0.18607598851568385,0.9825353563602233
example_dataset/train/images/image_875.png,-0.9699677160928651,0.24323369367254788
example_dataset/train/images/image_876.png,-0.3364633232227648,-0.9416965711554297
example_dataset/train/images/image_877.png,0.3487779627112323,0.9372053844953102
example_dataset/train/images/image_878.png,-0.14276853828584346,0.9897561035304221
example_dataset/train/images/image_879.png,0.7749509879696369,0.632021333694428
example_dataset/train/images/image_880.png,0.9110581029013479,0.41227798041830577
example_dataset/train/images/image_881.png,0.04703605271362349,-0.9988931923609856
example_dataset/train/images/image_882.png,-0.280121243797811,-0.9599646289177365
example_dataset/train/images/image_883.png,0.9967340969688342,-0.08075357539900237
example_dataset/train/images/image_884.png,0.21803068620593782,0.97594191418986
example_dataset/train/images/image_885.png,0.025714876298088996,0.999669317893159
example_dataset/train/images/image_886.png,-0.9544670899003878,0.2983162320375562
example_dataset/train/images/image_887.png,-0.4902401346016688,-0.8715874083680522
example_dataset/train/images/image_888.png,-0.9981724470403925,-0.06042984336728349
example_dataset/train/images/image_889.png,-0.5269407478726066,-0.8499020227246539
example_dataset/train/images/image_890.png,-0.9982584822474072,-0.058991547030935204
example_dataset/train/images/image_891.png,-0.8925936942368415,0.45086194894737786
example_dataset/train/images/image_892.png,0.05647018489110222,-0.9984042859575296
example_dataset/train/images/image_893.png,-0.3802215393738763,-0.9248954432778658
example_dataset/train/images/image_894.png,0.23163401752013033,0.9728030026307916
example_dataset/train/images/image_895.png,-0.9981238969502447,0.06122651661541145
example_dataset/train/images/image_896.png,-0.2320180404754235,0.97271148286321
example_dataset/train/images/image_897.png,0.27276677804249794,-0.9620801862611632
example_dataset/train/images/image_898.png,-0.372037543987153,-0.9282176823698239
example_dataset/train/images/image_899.png,0.999803914246104,0.019802349814329916
example_dataset/train/images/image_900.png,0.9994913680105203,-0.03189052010329674
example_dataset/train/images/image_901.png,-0.4238711977122149,-0.9057224783287718
example_dataset/train/images/image_902.png,-0.7512560702500196,-0.6600108460567127
example_dataset/train/images/image_903.png,0.46489667538388096,0.8853649423921272
example_dataset/train/images/image_904.png,-0.8702510251464494,0.49260851924378446
example_dataset/train/images/image_905.png,-0.9567982432758039,0.290752681267664
example_dataset/train/images/image_906.png,0.8738899404868393,0.48612382364569245
example_dataset/train/images/image_907.png,-0.2885038469360018,-0.9574787362146105
example_dataset/train/images/image_908.png,-0.9484342149677912,-0.3169740365998919
example_dataset/train/images/image_909.png,-0.20914243819948528,-0.977885187812953
example_dataset/train/images/image_910.png,-0.8629613324522153,0.5052699661490846
example_dataset/train/images/image_911.png,-0.3269224117944938,-0.9450511820353812
example_dataset/train/images/image_912.png,0.3565423259912585,0.9342791712206492
example_dataset/train/images/image_913.png,-0.6114942526594769,0.7912488729625009
example_dataset/train/images/image_914.png,-0.9822084388412397,0.18779398997053912
example_dataset/train/images/image_915.png,0.9498258755354156,0.31277916516830406
example_dataset/train/images/image_916.png,0.9574985297338445,0.2884381485821975
example_dataset/train/images/image_917.png,-0.8611674078893299,0.5083214490744734
example_dataset/train/images/image_918.png,-0.9955255393666701,0.09449285935297272
example_dataset/train/images/image_919.png,-0.1576726255022599,-0.9874914395412369
example_dataset/train/images/image_920.png,-0.06814506002814914,-0.9976754235690884
example_dataset/train/images/image_921.png,-0.9859856850420441,0.1668299400352685
example_dataset/train/images/image_922.png,0.1537030769905133,-0.9881170801699809
example_dataset/train/images/image_923.png,0.825257357660509,-0.5647568446926471
example_dataset/train/images/image_924.png,0.9150945684381857,0.4032392972106397
example_dataset/train/images/image_925.png,-0.34205145270884163,0.9396812245116805
example_dataset/train/images/image_926.png,-0.7923120831548067,0.6101160241190937
example_dataset/train/images/image_927.png,0.8306816490050065,-0.5567476969025766
example_dataset/train/images/image_928.png,0.9842568422842265,-0.17674407604410125
example_dataset/train/images/image_929.png,0.7426573492488611,0.6696716072872251
example_dataset/train/images/image_930.png,-0.16342106340820184,0.986556413001574
example_dataset/train/images/image_931.png,0.41324239640543553,-0.9106210637872885
example_dataset/train/images/image_932.png,0.6172644403096923,-0.786755750362946
example_dataset/train/images/image_933.png,0.6756297454372161,0.7372411051212775
example_dataset/train/images/image_934.png,-0.9358483367128698,-0.3524030230740864
example_dataset/train/images/image_935.png,-0.981628211904454,-0.19080370434890478
example_dataset/train/images/image_936.png,-0.3674488379548982,0.9300437363294238
example_dataset/train/images/image_937.png,0.6844567228505006,0.7290534922382259
example_dataset/train/images/image_938.png,-0.937198379186788,-0.3487967861802306
example_dataset/train/images/image_939.png,-0.901978282951842,-0.4317813996494603
example_dataset/train/images/image_940.png,0.5127370723344467,0.8585456858280172
example_dataset/train/images/image_941.png,-0.9015296675360114,-0.4327172963407041
example_dataset/train/images/image_942.png,-0.09383615389786037,0.9955876537109414
example_dataset/train/images/image_943.png,-0.8858391760849241,0.46399240738742986
example_dataset/train/images/image_944.png,-0.9995351882822501,-0.030486183519210407
example_dataset/train/images/image_945.png,0.999930902119248,0.011755466259866919
example_dataset/train/images/image_946.png,-0.9698734622246683,-0.2436092512043311
example_dataset/train/images/image_947.png,-0.2322799449085236,-0.9726489742930351
example_dataset/train/images/image_948.png,-0.15980400052730562,0.9871487635688295
example_dataset/train/images/image_949.png,0.8847494299723155,-0.4660669975053616
example_dataset/train/images/image_950.png,0.9018855211520017,-0.43197512282118994
example_dataset/train/images/image_951.png,0.9537734961382783,0.30052640160918576
example_dataset/train/images/image_952.png,-0.23306504648634344,0.9724611478646942
example_dataset/train/images/image_953.png,-0.812578777359933,-0.5828513794992993
example_dataset/train/images/image_954.png,-0.9929090613091437,0.11887638945642268
example_dataset/train/images/image_955.png,0.6132918045573788,0.7898564188906451
example_dataset/train/images/image_956.png,0.7866065640989954,0.6174545435223333
example_dataset/train/images/image_957.png,-0.9574808007547791,-0.288496995107379
example_dataset/train/images/image_958.png,-0.7854095209840596,-0.6189764812556211
example_dataset/train/images/image_959.png,-0.3355222730113796,-0.9420322734987783
example_dataset/train/images/image_960.png,-0.9354447836847404,0.3534728514002305
example_dataset/train/images/image_961.png,-0.9760211698846412,0.21767562090646833
example_dataset/train/images/image_962.png,0.9142086167349187,-0.40524388346726026
example_dataset/train/images/image_963.png,-0.9936724175991384,-0.11231708019123075
example_dataset/train/images/image_964.png,0.49005469358868325,0.8716916870612579
example_dataset/train/images/image_965.png,-0.9272024652151262,0.37456052715014254
example_dataset/train/images/image_966.png,-0.9750440286762774,-0.22201158110047964
example_dataset/train/images/image_967.png,0.8693855859128484,-0.4941342965297725
example_dataset/train/images/image_968.png,0.47687277623099467,0.8789723290808101
example_dataset/train/images/image_969.png,0.9959529234628672,0.08987643876883453
example_dataset/train/images/image_970.png,0.6182268153963933,-0.7859997485526531
example_dataset/train/images/image_971.png,0.6170782213084208,-0.7869018164846461
example_dataset/train/images/image_972.png,0.8595194558368134,-0.5111030278114072
example_dataset/train/images/image_973.png,0.9970026862905484,-0.07736694080439167
example_dataset/train/images/image_974.png,0.9989600875533501,-0.04559323936071347
example_dataset/train/images/image_975.png,-0.8147168807695087,0.5798589519781533
example_dataset/train/images/image_976.png,-0.8108379712105273,-0.585270693306265
example_dataset/train/images/image_977.png,-0.397647596755806,0.9175382219800612
example_dataset/train/images/image_978.png,-0.5626712225429732,0.8266807698997214
example_dataset/train/images/image_979.png,0.9783792787193413,0.20681872974327412
example_dataset/train/images/image_980.png,-0.18878025519905314,0.9820193558413094
example_dataset/train/images/image_981.png,0.6283274479588213,0.7779489817086688
example_dataset/train/images/image_982.png,0.9872503208087872,0.15917538774241097
example_dataset/train/images/image_983.png,-0.7936442373647011,-0.6083821368990068
example_dataset/train/images/image_984.png,-0.169426292710214,0.985542861238654
example_dataset/train/images/image_985.png,0.19787208496794426,-0.9802278500381627
example_dataset/train/images/image_986.png,0.9586406248236391,0.28461931142798946
example_dataset/train/images/image_987.png,-0.048098366637011836,-0.9988426037804212
example_dataset/train/images/image_988.png,0.7646077427289809,0.6444959268753313
example_dataset/train/images/image_989.png,-0.8847886403213877,0.4659925556897128
example_dataset/train/images/image_990.png,-0.5758161128780785,-0.8175792341724317
example_dataset/train/images/image_991.png,-0.5878783787072427,0.8089493258842262
example_dataset/train/images/image_992.png,0.8805234476001459,0.47400259305868053
example_dataset/train/images/image_993.png,0.8146609268945159,0.5799375605971459
example_dataset/train/images/image_994.png,-0.8294942420504572,0.5585152660448394
example_dataset/train/images/image_995.png,0.7277620702287437,0.6858296939739288
example_dataset/train/images/image_996.png,0.8590967685299266,0.5118131908239933
example_dataset/train/images/image_997.png,0.3120149947835896,0.9500771774072865
example_dataset/train/images/image_998.png,-0.030060138412010814,-0.999548091928873
example_dataset/train/images/image_999.png,-0.21384644542722833,-0.9768672876998898
